age,workclass,fnlwgt,education,education.num,marital.status,occupation,relationship,race,sex,capital.gain,capital.loss,hours.per.week,native.country,income
19,3,258470,11,9,4,5,1,4,1,0,0,40,38,0
21,3,394484,15,10,4,0,3,4,0,0,0,40,38,0
53,3,144361,11,9,2,6,0,4,1,0,0,38,38,0
52,3,379682,8,11,2,7,5,4,0,0,0,20,38,1
19,3,43003,15,10,4,7,3,4,1,0,0,20,38,0
88,5,206291,14,15,2,9,0,4,1,0,0,40,38,0
43,5,187778,11,9,2,2,0,4,1,0,0,20,38,0
37,3,109633,9,13,2,9,5,4,0,0,0,16,38,1
26,3,164018,9,13,2,11,0,4,1,4064,0,50,38,0
47,4,212120,11,9,2,2,0,4,1,0,0,40,38,1
50,3,208630,12,14,0,11,1,4,0,0,0,50,38,1
43,3,135606,12,14,0,3,1,4,0,0,0,50,38,1
60,3,127084,11,9,2,10,0,4,1,0,2042,34,38,0
54,4,162439,11,9,2,3,0,4,1,0,0,98,38,1
32,3,168906,7,12,4,0,1,4,0,0,0,40,38,0
42,3,183319,4,3,2,7,0,4,1,0,0,40,7,0
36,3,206951,9,13,2,11,0,4,1,0,1902,45,38,1
29,3,87905,11,9,0,7,1,4,1,10520,0,40,38,1
45,3,25649,15,10,2,13,0,4,1,7298,0,50,38,1
25,3,141706,15,10,4,0,1,4,0,0,0,40,38,0
39,3,202937,12,14,4,9,1,4,0,0,0,40,38,1
26,3,360252,7,12,2,0,5,4,0,0,0,40,38,0
23,3,117606,9,13,4,3,3,4,0,0,0,60,38,0
17,3,143331,0,6,4,11,3,4,1,0,0,15,38,0
30,0,48458,15,10,4,0,3,2,0,0,0,40,38,0
35,3,214896,11,9,0,0,1,4,0,0,0,45,38,0
33,3,78707,1,7,4,7,1,2,1,0,0,40,38,0
29,3,197618,11,9,4,0,1,4,0,0,0,40,38,0
72,-1,303588,11,9,2,-1,0,4,1,0,0,20,38,0
22,3,113550,11,9,4,0,3,4,0,0,0,40,38,0
19,3,472807,3,2,4,5,2,4,1,0,0,52,25,0
39,3,126161,10,16,4,9,1,4,1,0,0,45,38,0
49,3,114797,9,13,0,3,4,2,0,0,0,40,38,0
27,3,177351,9,13,4,11,1,4,1,0,0,45,38,0
29,3,190539,9,13,4,3,1,4,1,0,1590,50,38,0
56,3,191917,7,12,0,0,4,4,0,4101,0,40,38,0
67,-1,150516,11,9,6,-1,4,4,1,0,0,3,38,0
64,1,96076,8,11,2,3,0,4,1,0,0,40,38,1
44,3,227065,9,13,2,3,0,4,1,0,0,40,38,1
19,-1,217194,0,6,4,-1,3,4,1,0,0,30,38,0
64,6,114650,6,5,2,2,0,4,1,0,0,40,38,0
33,3,122612,11,9,3,7,1,1,0,0,0,35,36,0
19,3,187161,15,10,4,11,3,4,0,0,0,25,38,0
58,3,183893,15,10,0,0,4,2,0,0,0,40,38,0
28,3,249870,14,15,4,9,1,2,1,0,0,50,38,0
64,-1,169917,5,4,6,-1,1,4,0,0,0,4,38,0
59,3,244554,1,7,0,7,1,2,0,0,0,35,38,0
57,3,201991,9,13,2,9,0,4,1,0,0,40,38,0
37,3,175130,11,9,0,0,4,4,0,0,0,45,38,0
61,3,101500,8,11,2,0,0,4,1,0,0,40,38,0
26,3,197292,11,9,4,0,1,4,0,0,0,50,38,0
45,6,37672,8,11,0,12,4,4,0,0,0,40,38,0
34,-1,146589,11,9,4,-1,4,2,0,0,0,40,38,0
48,3,96359,9,13,2,3,0,4,1,0,0,60,11,1
40,3,111483,9,13,2,3,0,4,1,7298,0,40,38,1
45,3,195554,11,9,2,6,0,4,1,0,0,45,38,1
24,3,276851,11,9,0,10,3,4,0,0,1762,40,38,0
45,3,192835,15,10,2,3,0,4,1,0,0,40,38,0
59,3,32552,9,13,2,2,0,4,1,0,0,4,38,0
39,1,344855,12,14,2,9,5,4,0,0,1977,20,38,1
43,5,113211,11,9,2,3,5,4,0,0,0,40,38,0
60,5,282066,9,13,2,3,0,4,1,0,1977,45,38,1
42,1,46094,9,13,0,13,1,4,1,0,0,33,38,0
61,1,195519,12,14,4,9,4,4,0,0,0,25,38,0
38,3,194538,8,11,2,6,0,4,1,0,0,48,38,1
90,3,87372,14,15,2,9,0,4,1,20051,0,72,38,1
33,3,208180,9,13,4,11,1,4,0,0,0,40,38,0
40,5,125206,14,15,2,9,0,4,1,0,0,40,38,0
33,3,101562,12,14,4,3,1,4,0,0,0,40,38,0
22,3,188569,15,10,4,0,1,4,0,0,0,20,38,0
36,3,93225,9,13,4,2,1,4,1,0,0,35,38,0
55,3,217802,15,10,2,0,0,2,1,0,0,25,38,0
42,0,141459,11,9,5,7,2,2,0,0,0,40,38,0
32,3,101562,9,13,4,9,1,4,0,0,0,45,38,0
79,4,183686,9,13,2,11,0,4,1,0,0,20,38,1
50,3,77905,9,13,0,0,1,4,0,0,0,8,38,0
29,3,119429,11,9,4,2,1,2,1,0,0,40,38,0
43,3,173321,11,9,0,0,1,4,0,0,0,40,38,0
34,3,203488,11,9,4,2,1,4,1,0,0,40,38,0
34,3,177437,15,10,2,2,0,4,1,15024,0,45,38,1
36,0,403489,12,14,2,9,0,4,1,0,0,45,38,1
26,3,159897,15,10,4,3,4,2,0,0,0,40,38,0
18,3,298860,2,8,4,5,3,4,1,0,0,20,38,0
24,3,112854,15,10,4,12,1,4,0,0,0,16,38,0
57,3,188330,11,9,2,7,0,4,1,0,0,78,38,0
53,3,335481,11,9,2,0,5,2,0,0,0,32,38,0
51,1,195844,15,10,2,10,0,4,1,0,0,40,38,1
48,4,213140,11,9,2,3,0,4,1,0,0,80,38,0
44,1,165304,15,10,2,3,0,4,1,0,1485,40,38,1
53,3,89400,15,10,6,3,4,4,0,0,0,40,38,0
28,3,249362,1,7,2,13,0,4,1,0,0,50,38,0
46,-1,37672,11,9,0,-1,1,4,0,0,0,15,38,0
41,3,317539,15,10,2,2,0,2,1,0,0,40,38,0
32,3,171637,15,10,4,0,3,4,0,0,0,40,38,0
56,0,67153,12,14,2,3,0,4,1,0,0,40,31,1
25,3,195118,11,9,4,5,2,4,1,0,0,35,38,0
36,3,32334,8,11,2,3,5,4,0,0,0,50,38,1
25,3,38488,11,9,4,0,3,4,0,0,0,40,38,0
28,1,100270,9,13,0,9,1,4,1,0,0,40,38,0
42,5,82297,5,4,2,7,5,2,0,0,0,50,38,0
34,3,116677,15,10,2,5,0,4,1,0,0,40,38,0
22,3,250647,15,10,4,0,3,4,1,0,0,12,38,0
30,5,148959,15,10,0,2,1,4,1,0,0,35,38,0
54,5,71344,12,14,0,9,1,4,1,0,0,50,38,1
38,3,127601,15,10,6,3,1,4,0,0,0,40,38,1
57,3,79830,11,9,2,2,0,1,1,0,0,40,38,0
33,3,312055,9,13,4,3,1,4,1,0,0,40,38,0
81,-1,89391,14,15,2,-1,0,4,1,0,0,24,38,1
38,3,234901,12,14,2,3,0,4,1,0,1977,60,38,1
41,1,235951,14,15,2,9,0,4,1,0,0,50,38,1
45,3,379393,15,10,0,12,1,4,0,0,0,45,38,0
37,3,75024,11,9,0,11,4,4,0,0,0,25,1,0
32,5,210926,1,7,5,5,4,4,0,0,0,40,26,0
41,3,144778,11,9,2,2,0,4,1,0,0,40,38,0
45,5,34446,11,9,2,13,0,4,1,0,0,50,38,0
22,3,436798,15,10,2,12,0,4,1,0,0,40,38,0
34,3,737315,9,13,2,9,0,4,1,0,0,40,38,1
31,6,77634,13,1,4,7,1,4,1,0,0,24,38,0
41,3,242619,7,12,0,9,1,4,1,0,0,80,38,0
71,3,163385,15,10,6,11,1,4,1,0,0,35,38,1
50,1,157043,12,14,0,9,1,2,0,2202,0,30,-1,0
58,3,365511,15,10,0,6,1,3,1,0,0,40,25,0
70,3,262345,15,10,4,0,1,4,0,0,0,6,38,0
49,5,233059,11,9,2,2,0,4,1,0,0,60,38,0
30,3,370183,11,9,2,12,0,4,1,0,0,40,38,0
40,4,132222,11,9,2,3,0,4,1,0,0,40,38,0
25,1,197728,9,13,4,3,1,4,0,0,0,20,38,0
61,3,191188,0,6,6,4,4,4,1,0,0,20,38,0
33,3,31573,11,9,2,6,0,4,1,0,0,40,38,0
48,3,216292,11,9,2,4,0,4,1,0,0,43,38,0
40,3,134026,1,7,4,7,2,4,1,0,0,40,38,0
26,5,253899,9,13,0,11,1,4,1,0,0,40,38,0
20,3,318036,11,9,4,7,1,4,1,0,0,40,38,0
23,3,205653,9,13,4,5,3,4,1,0,0,30,38,0
49,1,120451,0,6,5,7,4,2,0,0,0,40,38,0
37,3,206888,11,9,4,3,1,4,0,0,0,50,38,0
25,3,332702,8,11,4,7,3,4,0,0,0,15,38,0
25,3,131976,9,13,4,3,3,4,1,0,0,55,38,0
30,3,35644,1,7,2,5,0,4,1,0,0,50,38,0
61,1,260167,11,9,6,9,1,4,0,0,0,40,38,0
30,3,27153,11,9,4,5,1,4,1,0,0,50,38,0
51,3,340588,3,2,2,7,0,4,1,0,0,54,25,0
30,3,198183,8,11,4,9,1,4,0,0,0,40,38,0
43,5,99220,9,13,2,11,0,4,1,0,0,40,38,1
34,3,185041,11,9,4,9,1,4,0,0,1669,45,38,0
63,5,217715,4,3,4,11,1,4,0,0,0,3,38,0
34,3,305619,11,9,2,2,0,4,1,0,0,40,38,1
18,3,192409,2,8,4,7,3,4,0,0,0,25,38,0
28,3,42734,11,9,4,5,3,4,1,0,0,40,38,0
34,3,213226,9,13,2,9,0,4,1,0,0,40,19,1
47,3,102308,12,14,2,3,0,4,1,99999,0,50,38,1
29,4,31778,11,9,5,9,2,4,1,0,0,25,38,0
27,3,327766,15,10,0,2,1,4,1,0,0,45,38,0
54,-1,95329,15,10,0,-1,3,4,1,0,0,50,38,0
54,6,93415,9,13,4,9,4,1,0,0,0,40,38,1
46,3,91608,9,13,2,0,0,4,1,0,0,40,38,1
18,3,184693,15,10,4,7,3,4,0,0,0,20,25,0
27,3,301302,9,13,4,2,1,4,1,0,0,50,38,0
21,3,197918,11,9,4,13,3,4,1,0,0,40,38,0
18,3,118847,2,8,4,11,3,4,0,0,0,20,38,0
31,3,352465,15,10,2,3,0,4,1,15024,0,50,38,1
55,3,750972,5,4,2,2,0,4,1,0,0,41,38,0
39,5,109766,14,15,2,9,0,4,1,15024,0,50,38,1
24,3,182163,1,7,4,0,1,4,0,0,0,40,10,0
34,3,248754,1,7,4,6,1,4,1,0,0,40,38,0
49,4,315998,9,13,2,3,0,4,1,0,0,50,38,0
64,3,91343,15,10,6,12,4,4,0,0,0,40,38,0
55,1,254949,11,9,2,5,0,4,1,0,0,40,38,0
71,5,78786,5,4,2,4,0,4,1,0,0,10,38,0
51,5,120781,14,15,2,9,0,3,1,99999,0,70,18,1
23,3,193949,9,13,4,11,3,4,0,0,0,60,38,0
36,3,185203,11,9,4,11,1,4,0,0,0,40,38,0
37,3,201141,11,9,4,0,3,4,0,0,0,37,38,0
36,3,199439,12,14,2,3,0,4,1,0,0,45,38,1
29,3,95465,11,9,2,7,0,4,1,0,0,40,38,0
35,3,54595,0,6,6,7,1,2,0,0,1980,40,38,0
50,3,310774,9,13,2,11,0,4,1,0,0,35,38,0
39,3,352248,7,12,2,0,0,4,1,0,0,40,38,0
29,3,204862,7,12,0,9,1,4,0,0,0,36,38,0
36,3,63509,7,12,2,9,0,4,1,0,0,48,38,1
73,3,198526,11,9,6,7,2,4,0,0,0,32,38,0
57,6,250976,11,9,2,2,0,4,1,0,0,40,38,0
41,3,262038,4,3,3,4,1,4,1,0,0,35,25,0
41,3,349703,7,12,2,4,0,1,1,0,0,40,38,0
39,6,141420,15,10,2,10,0,4,1,0,0,40,38,0
60,-1,153072,11,9,2,-1,0,4,1,0,0,5,38,0
35,3,409200,7,12,4,10,1,4,1,0,0,40,38,0
35,3,360814,6,5,0,2,1,4,1,0,0,45,38,0
58,3,213975,8,11,6,9,1,4,0,0,0,40,38,0
49,3,268234,0,6,2,3,0,4,1,0,0,40,38,0
43,6,114537,8,11,2,10,0,4,1,0,0,40,38,0
50,3,171924,9,13,2,9,0,4,1,0,0,43,38,1
60,3,224644,0,6,2,11,0,4,1,0,0,40,38,0
19,3,86150,1,7,4,11,3,1,0,0,0,19,29,0
39,3,245361,9,13,0,3,1,4,0,0,0,25,38,0
34,3,198634,8,11,4,0,1,4,0,0,0,40,38,0
46,3,173243,15,10,2,12,0,4,1,5178,0,40,38,1
32,3,279231,8,11,2,0,0,4,1,0,0,40,21,0
38,4,159179,14,15,2,9,0,4,1,0,0,45,38,1
45,1,175958,6,5,4,7,3,4,1,0,0,40,38,0
44,3,326232,5,4,0,5,1,4,1,0,0,48,38,0
57,-1,155259,15,10,0,-1,1,4,0,0,0,40,38,0
58,3,234213,11,9,0,2,1,4,1,14344,0,48,38,1
39,3,184659,11,9,2,6,0,4,1,0,0,40,38,0
64,-1,338355,8,11,2,-1,5,4,0,0,0,15,38,0
24,1,461678,0,6,4,7,1,4,1,0,0,40,38,0
21,3,65225,15,10,4,0,1,4,0,0,0,30,38,0
20,3,39764,11,9,4,5,3,4,1,0,0,40,38,0
28,3,163265,6,5,2,11,0,4,1,4508,0,40,38,0
18,3,236262,1,7,4,5,3,4,1,0,0,12,38,0
67,-1,74335,11,9,6,-1,1,4,0,0,0,10,10,0
25,1,84224,9,13,4,9,1,4,0,0,0,40,38,0
59,1,238431,11,9,0,0,4,4,0,0,0,38,38,0
27,3,206903,9,13,4,5,4,4,1,0,0,35,38,0
36,3,46706,11,9,4,7,3,4,1,0,0,40,38,0
49,3,232586,4,3,2,2,0,4,1,0,0,40,38,0
32,3,269182,15,10,5,12,4,2,0,3887,0,40,38,0
34,3,106014,15,10,0,2,1,4,1,0,0,60,38,0
25,3,242700,15,10,4,13,1,4,1,10520,0,50,38,1
47,1,109705,11,9,0,3,1,4,0,0,0,40,38,0
41,3,304906,9,13,2,3,0,4,1,0,0,40,38,1
32,1,112650,11,9,2,10,0,4,1,0,0,40,38,0
23,3,183789,11,9,4,11,3,4,1,0,0,40,38,0
64,5,192695,4,3,2,4,0,4,1,0,0,70,1,0
46,3,35969,9,13,2,3,0,4,1,0,0,51,38,0
65,-1,79272,15,10,6,-1,1,1,0,0,0,6,38,0
40,5,280433,9,13,2,2,0,4,1,0,0,50,38,0
70,-1,118630,8,11,6,-1,4,4,0,0,0,35,38,0
32,3,200700,15,10,4,11,1,4,1,0,0,50,38,0
21,3,89991,15,10,4,0,3,4,0,0,0,40,38,0
66,3,234743,15,10,2,3,0,4,1,0,0,50,38,0
18,5,42857,15,10,4,2,1,4,0,0,0,35,38,0
51,5,118259,11,9,2,2,0,4,1,3137,0,60,38,0
38,3,22245,8,11,2,2,0,4,1,0,0,40,38,0
62,-1,191188,11,9,2,-1,0,4,1,0,0,40,38,0
38,3,252662,9,13,0,3,1,4,1,0,0,40,38,0
17,-1,215743,1,7,4,-1,3,4,1,0,0,40,38,0
44,3,195545,11,9,0,6,3,2,0,0,0,40,38,0
53,3,167170,11,9,6,6,1,2,0,0,0,40,38,0
30,4,77689,9,13,2,11,0,4,1,7688,0,50,38,1
41,3,372682,15,10,2,0,5,4,0,0,0,40,38,1
61,-1,229744,3,2,2,-1,0,4,1,3942,0,20,25,0
30,3,167832,11,9,2,6,0,4,1,0,0,40,38,0
27,5,116613,15,10,2,7,5,4,0,0,0,50,38,0
22,-1,211968,15,10,4,-1,3,4,0,0,0,40,19,0
26,1,150226,9,13,4,9,3,4,0,0,0,35,38,0
32,3,226696,9,13,4,3,1,4,1,0,0,55,38,1
30,3,327202,2,8,4,2,1,2,1,0,0,40,38,0
46,3,265275,12,14,2,9,0,4,1,0,0,60,38,0
26,3,403788,7,12,4,7,3,2,1,0,0,40,38,0
35,5,120066,15,10,2,2,0,0,1,0,0,60,38,0
18,3,329054,1,7,4,0,3,4,0,0,0,15,38,0
22,-1,246386,11,9,4,-1,4,2,0,0,0,40,38,0
32,5,70985,11,9,2,4,0,4,1,4064,0,40,38,0
50,3,137815,11,9,2,13,0,4,1,0,0,60,38,1
45,3,59380,9,13,5,3,1,4,0,0,0,55,38,0
31,3,168521,9,13,4,3,1,4,0,0,0,40,38,0
35,4,338320,11,9,2,3,0,4,1,0,0,50,38,1
42,0,172307,11,9,2,0,0,4,1,0,0,48,38,1
23,0,173851,11,9,4,1,1,4,1,0,0,8,38,0
46,4,120121,9,13,2,11,0,4,1,0,0,50,38,1
25,3,208591,9,13,4,9,3,4,1,0,0,40,38,0
37,3,38948,11,9,2,13,0,4,1,0,0,50,38,0
45,3,387074,8,11,2,2,0,4,1,0,0,40,38,0
36,4,102729,7,12,2,9,0,4,1,0,0,70,38,0
58,3,183810,11,9,2,7,0,4,1,0,0,24,38,0
17,3,29571,2,8,4,5,3,4,1,0,0,15,38,0
31,3,234976,1,7,4,0,4,4,0,0,0,48,38,0
21,3,56582,1,7,4,7,3,4,1,0,0,50,38,0
52,3,169785,15,10,4,3,1,4,0,0,0,50,38,0
58,5,310014,9,13,2,4,0,4,1,0,0,25,38,0
70,3,141742,8,11,2,6,0,4,1,9386,0,50,38,1
47,3,431515,8,11,2,2,0,4,1,0,0,40,38,1
20,3,223811,11,9,4,5,1,4,1,0,0,40,38,0
47,3,217750,11,9,2,7,5,4,0,0,0,35,38,0
59,3,230039,11,9,4,3,4,4,0,0,625,38,38,0
46,4,216414,12,14,2,11,0,4,1,0,1977,60,38,1
23,3,185106,11,9,4,5,3,2,1,0,0,40,38,0
47,1,200471,11,9,2,13,0,4,1,5178,0,40,38,1
32,3,205390,11,9,2,11,0,4,1,0,0,49,38,0
39,3,32146,15,10,4,2,1,4,1,0,0,40,38,0
19,3,91928,15,10,4,7,2,4,0,0,0,35,38,0
61,1,177189,9,13,2,9,0,4,1,0,0,42,38,0
38,3,132879,11,9,2,2,0,4,1,7298,0,50,38,1
36,3,139364,9,13,2,11,0,4,1,0,0,50,38,1
61,4,139391,15,10,2,11,0,4,1,0,1902,35,38,1
41,3,113491,15,10,2,9,0,4,1,0,0,40,38,1
49,3,247892,15,10,2,2,0,2,1,0,0,30,38,0
19,5,116385,1,7,4,0,1,4,0,0,0,40,38,0
36,3,172538,11,9,2,2,0,4,1,0,0,52,38,1
62,3,244933,12,14,0,9,1,4,0,0,0,45,38,0
33,3,221966,9,13,4,9,1,4,1,2202,0,50,38,0
69,3,108196,6,5,4,2,2,4,1,2993,0,40,38,0
51,3,139347,11,9,2,0,5,4,0,7688,0,40,38,1
23,3,194723,9,13,4,0,1,4,0,0,0,40,38,0
31,3,77143,2,8,5,13,4,2,1,0,0,40,38,0
57,3,257200,11,9,2,6,0,4,1,0,0,40,38,0
24,3,325596,9,13,4,0,3,4,1,0,0,35,38,0
25,1,190107,11,9,4,4,3,4,1,0,1719,16,38,0
59,3,107833,0,6,2,13,0,4,1,0,1485,40,38,1
39,3,115076,15,10,2,6,0,4,1,0,0,40,38,0
55,3,105304,11,9,2,6,0,4,1,0,0,40,38,0
36,3,73023,11,9,0,2,1,4,1,0,0,55,38,0
65,-1,325537,8,11,2,-1,0,4,1,0,0,50,38,1
27,3,147340,11,9,4,7,1,4,0,0,0,50,38,1
33,0,331615,10,16,2,9,0,4,1,0,1848,40,38,1
75,5,208426,14,15,2,9,0,4,1,0,0,35,38,0
39,3,120074,11,9,0,5,1,4,1,0,0,40,38,0
34,3,177733,6,5,5,6,4,4,0,0,0,35,5,0
73,5,336007,11,9,2,11,0,4,1,0,0,40,38,0
51,3,162238,12,14,2,3,0,4,1,0,1887,47,38,1
42,3,257328,11,9,6,13,4,4,1,0,0,40,38,0
21,3,149224,15,10,4,13,3,4,1,0,0,30,38,0
41,3,162140,11,9,0,2,1,4,1,0,2339,40,38,0
50,5,95577,11,9,2,7,5,4,0,0,0,12,-1,0
23,3,109199,4,3,2,5,0,4,1,0,0,40,25,0
34,3,77271,11,9,4,3,4,4,0,0,0,20,8,0
46,6,298786,15,10,4,7,3,2,0,0,0,40,38,0
44,3,162028,15,10,2,0,5,4,0,0,2415,6,38,1
29,0,37933,15,10,4,0,4,2,0,2174,0,40,38,0
35,3,28160,9,13,3,3,4,4,0,0,0,40,38,0
38,3,199256,11,9,0,0,4,4,0,0,0,40,38,0
32,3,180284,0,6,2,2,0,4,1,0,0,40,38,1
38,3,153976,11,9,2,2,0,4,1,0,0,40,38,0
40,3,220977,10,16,2,3,0,1,1,3103,0,40,18,1
57,5,50990,11,9,2,4,0,4,1,0,0,30,38,0
38,1,745768,15,10,0,3,4,2,0,0,0,45,38,0
31,3,368517,7,12,4,9,1,1,1,0,0,40,38,0
65,-1,160654,11,9,2,-1,0,4,1,0,0,20,38,0
54,1,113000,15,10,2,4,0,4,1,0,0,40,38,0
41,3,145220,6,5,4,8,4,4,0,0,0,40,3,0
29,3,201022,9,13,2,3,5,4,0,0,0,50,38,1
30,4,78530,11,9,2,3,0,4,1,0,0,65,1,1
36,3,218542,15,10,0,2,4,4,0,0,0,40,38,0
26,3,156976,8,11,5,7,1,2,1,0,0,40,38,0
27,3,211032,3,2,4,2,1,4,1,0,0,40,25,0
41,3,182370,7,12,0,2,3,4,1,0,0,40,38,0
29,3,205249,12,14,2,3,0,1,1,0,0,40,23,0
72,-1,166253,11,9,2,-1,5,4,0,0,0,2,38,0
20,-1,162667,11,9,4,-1,2,4,1,0,0,40,7,0
22,-1,196943,15,10,5,-1,3,4,1,0,0,25,38,0
33,3,176673,11,9,4,6,1,2,0,0,0,40,38,0
56,3,172071,11,9,0,7,4,2,0,0,0,40,22,0
54,4,124963,9,13,2,3,0,4,1,0,0,40,38,1
45,3,140644,11,9,2,11,0,4,1,0,0,50,38,1
29,3,271466,8,11,4,9,1,4,1,0,0,43,38,0
58,3,374108,15,10,0,9,4,4,0,0,0,40,38,0
32,3,286675,15,10,4,3,2,4,1,0,0,40,38,0
60,1,195453,8,11,2,3,0,4,1,0,0,60,38,1
18,3,135924,11,9,4,0,3,4,1,0,0,20,38,0
23,3,33884,15,10,5,11,4,4,0,0,0,40,38,0
45,1,318280,15,10,2,9,0,4,1,7688,0,50,38,1
47,3,184945,15,10,5,7,1,2,0,0,0,35,38,0
25,-1,196627,1,7,4,-1,3,4,1,0,0,40,38,0
25,3,124111,11,9,4,7,1,4,0,0,0,38,38,0
59,5,73411,14,15,2,4,0,4,1,0,0,30,38,0
27,3,105598,11,9,4,0,1,4,1,0,0,40,38,0
44,3,160829,9,13,2,12,5,4,0,0,0,20,38,1
39,3,114591,15,10,5,9,4,4,0,0,0,40,38,0
24,-1,196388,7,12,4,-1,1,4,1,0,0,12,38,0
26,3,211424,15,10,2,5,0,4,1,0,0,40,38,1
35,3,283305,9,13,4,3,1,4,0,0,0,40,38,0
59,3,66356,5,4,4,4,4,4,1,4865,0,40,38,0
59,1,100776,8,11,0,0,1,4,0,0,0,40,38,0
22,1,244408,15,10,4,0,1,1,0,0,0,40,39,0
18,3,167979,1,7,4,11,3,4,1,0,0,15,38,0
25,3,277444,9,13,2,11,0,4,1,0,0,50,38,0
25,3,278404,9,13,4,9,1,4,1,0,0,40,38,0
45,3,167187,9,13,4,9,1,4,0,0,0,40,38,1
39,3,127772,11,9,2,11,0,4,1,3103,0,44,38,1
52,3,111700,15,10,0,11,2,4,0,0,0,20,38,1
30,3,74966,8,11,2,0,5,4,0,0,0,24,38,0
19,3,187570,11,9,4,2,3,4,1,0,0,20,38,0
43,3,125461,9,13,2,11,0,4,1,0,1902,55,38,1
55,3,92215,11,9,0,0,1,4,0,0,0,40,38,0
21,6,196827,7,12,4,12,3,4,1,0,0,10,38,0
50,3,118565,1,7,2,6,0,2,1,0,0,40,38,0
41,1,52037,15,10,0,0,4,4,0,0,0,40,38,0
18,-1,175648,1,7,4,-1,3,4,1,0,0,40,38,0
26,3,61270,11,9,4,6,4,3,0,0,0,40,3,0
36,3,108103,11,9,2,7,0,4,1,0,0,50,38,0
25,3,169759,11,9,4,5,3,4,1,0,0,95,38,0
46,3,184883,6,5,2,6,5,4,0,0,0,40,38,0
55,3,76860,11,9,2,7,2,1,1,0,0,40,29,0
40,6,174283,10,16,2,9,0,4,1,0,1887,50,38,1
24,3,187551,15,10,4,0,3,2,0,0,0,20,38,0
25,1,169905,15,10,2,4,0,4,1,0,0,40,38,0
32,1,100135,11,9,0,0,4,4,0,0,0,40,38,0
38,3,168680,15,10,4,0,3,2,0,0,0,40,38,0
22,3,227994,15,10,3,0,3,1,0,0,0,39,38,0
31,3,51259,9,13,4,9,1,4,1,0,0,47,38,0
41,4,82049,11,9,2,2,0,4,1,0,0,40,38,0
20,3,143062,15,10,4,4,3,4,1,0,0,40,38,0
37,3,178100,12,14,4,3,1,4,0,0,0,40,38,1
42,3,157443,9,13,2,9,5,1,0,0,0,27,35,1
42,1,104334,11,9,2,4,0,4,1,0,0,40,7,0
45,3,390368,15,10,2,11,0,2,1,15024,0,99,38,1
22,3,74631,15,10,4,5,3,4,0,0,0,13,38,0
31,5,209213,11,9,4,11,1,2,1,0,0,40,-1,0
49,1,102359,6,5,6,5,4,4,1,0,2231,40,38,1
18,3,238401,15,10,4,11,3,4,0,0,0,25,38,0
22,3,496025,15,10,2,6,0,4,1,0,0,40,25,0
29,3,164711,15,10,4,5,2,4,1,0,0,40,38,0
61,3,230292,15,10,2,0,0,4,1,7688,0,40,38,1
33,3,194141,11,9,2,6,0,4,1,0,0,40,38,0
53,0,173093,15,10,2,3,5,1,0,0,1887,40,29,1
30,3,212064,9,13,4,9,3,4,0,0,0,40,38,0
40,5,89413,11,9,2,2,0,4,1,0,1672,40,38,0
40,3,208470,11,9,4,2,1,4,1,0,0,40,38,0
39,1,267893,7,12,2,2,0,2,1,7298,0,40,38,1
51,0,40808,9,13,4,9,1,0,0,0,0,43,38,0
61,3,195453,11,9,2,3,0,4,1,0,0,50,38,1
20,3,141481,1,7,2,11,2,4,0,0,0,50,38,0
24,5,166036,15,10,2,13,0,4,1,0,0,60,38,0
29,7,212588,15,10,2,4,3,4,1,0,0,65,38,0
19,3,294029,1,7,4,11,3,3,0,0,0,32,26,0
29,3,405177,0,6,5,11,4,4,0,0,0,40,38,0
40,3,225978,15,10,5,3,1,2,1,0,0,40,38,0
35,-1,163582,0,6,0,-1,4,4,0,0,0,16,-1,0
57,3,308861,15,10,5,11,1,4,0,0,0,40,38,0
33,3,192002,12,14,2,3,0,4,1,7298,0,60,1,1
30,3,232475,11,9,5,2,1,4,1,0,0,40,38,0
42,3,192569,14,15,0,9,1,4,0,0,0,39,38,1
39,3,179271,15,10,2,2,0,4,1,0,0,50,38,1
63,-1,146196,9,13,2,-1,0,4,1,0,0,40,38,0
18,3,177648,11,9,4,11,3,4,0,0,0,25,38,0
47,3,145041,11,9,2,6,0,4,1,0,0,40,4,1
54,3,154728,8,11,2,12,0,4,1,7688,0,40,38,1
51,3,279156,11,9,2,3,0,4,1,7298,0,40,38,1
31,6,124020,7,12,2,12,0,4,1,0,0,40,38,1
69,3,203313,11,9,6,7,1,4,0,991,0,18,38,0
19,3,299050,1,7,2,2,0,4,1,0,0,60,38,0
22,3,203182,9,13,4,3,2,4,0,0,0,20,38,0
47,3,202322,4,3,2,5,0,4,1,0,0,40,25,0
45,3,320192,3,2,2,7,5,4,0,0,0,40,38,0
56,1,242670,15,10,6,0,4,4,0,0,0,40,38,0
43,3,351576,9,13,4,11,1,4,1,0,0,50,38,1
26,3,136226,11,9,4,2,3,4,1,0,0,40,38,0
24,3,284317,9,13,4,6,1,4,0,0,0,32,38,0
22,3,210781,9,13,4,0,3,4,0,0,0,40,38,0
48,1,148549,9,13,2,9,0,4,1,0,0,40,38,0
30,5,117944,11,9,2,9,0,4,1,0,0,25,38,0
35,3,187089,8,11,2,3,5,4,0,0,0,42,38,1
38,3,234298,9,13,0,3,1,4,1,6849,0,60,38,0
22,-1,121070,15,10,4,-1,3,4,1,0,0,35,38,0
26,3,378322,1,7,2,2,0,4,1,0,0,40,38,0
20,3,262749,15,10,4,6,3,4,1,0,0,40,38,0
18,-1,137363,15,10,4,-1,3,4,0,0,0,30,38,0
22,3,103440,11,9,4,7,1,4,0,0,0,24,38,0
42,3,175133,15,10,4,6,4,2,0,0,0,40,38,0
32,-1,199244,0,6,0,-1,1,4,0,0,0,40,38,0
43,3,212894,9,13,2,3,0,4,1,15024,0,50,38,1
24,5,236769,5,4,2,2,0,4,1,0,0,40,38,0
54,3,53833,4,3,2,13,0,4,1,0,0,40,38,1
55,5,184702,11,9,2,11,0,4,1,0,0,40,38,0
35,3,255702,11,9,4,7,3,4,0,0,0,27,38,0
21,3,155818,11,9,4,7,3,4,0,0,0,20,38,0
31,5,156890,5,4,2,2,0,4,1,0,0,40,38,0
35,3,101709,11,9,4,13,3,1,1,0,0,60,38,0
44,3,167725,11,9,2,2,0,4,1,0,0,40,38,0
22,3,200593,15,10,4,11,3,4,1,0,0,40,38,0
34,3,156464,9,13,0,3,1,4,1,0,0,85,8,1
63,5,78383,11,9,2,4,0,4,1,0,0,45,38,0
17,3,57324,0,6,4,7,3,4,1,0,0,30,38,0
19,3,171306,11,9,4,11,3,4,1,0,0,3,38,0
49,1,31267,9,13,2,9,0,4,1,0,0,50,38,0
44,3,249332,11,9,2,13,0,4,1,0,0,40,6,0
39,3,81487,15,10,0,3,4,4,0,0,625,40,38,0
28,3,308995,15,10,4,0,3,2,0,0,0,40,22,0
43,3,74581,11,9,2,2,0,4,1,0,0,48,38,1
43,3,164693,8,11,2,2,0,4,1,0,0,50,38,0
58,3,204021,11,9,4,13,3,4,1,0,0,40,1,0
17,1,39815,0,6,4,7,3,4,0,0,0,25,38,0
39,3,328466,1,7,2,7,0,4,1,2407,0,70,25,0
36,3,261382,12,14,2,11,0,4,1,15024,0,45,38,1
28,3,192591,9,13,4,0,1,4,0,0,0,45,38,0
60,3,188650,4,3,2,11,0,4,1,0,0,40,-1,1
30,3,196396,15,10,4,6,1,4,1,0,0,40,38,0
25,3,105693,9,13,4,9,1,4,0,0,0,40,38,0
39,3,187098,14,15,2,3,5,4,0,15024,0,47,38,1
67,3,166187,11,9,6,3,4,4,1,0,0,38,38,1
22,3,303822,0,6,4,2,3,4,1,0,0,40,38,0
18,3,374969,0,6,4,13,1,4,1,0,0,56,38,0
60,3,186446,5,4,2,6,5,4,0,0,0,40,38,0
28,3,369114,11,9,5,11,2,4,0,0,0,40,38,0
40,1,244522,12,14,2,9,0,4,1,0,1902,48,38,1
40,3,103474,11,9,2,11,5,4,0,0,0,30,38,0
27,3,259840,9,13,2,0,0,4,1,0,0,45,38,0
41,1,133692,9,13,0,10,4,4,0,0,0,40,38,0
51,6,454063,10,16,2,3,0,4,1,7298,0,40,38,1
27,3,59068,11,9,2,5,0,4,1,0,0,40,38,0
37,3,66686,11,9,2,5,0,4,1,0,0,40,38,0
20,3,303565,15,10,4,5,3,2,1,0,0,40,10,0
20,3,266525,15,10,4,9,2,2,0,594,0,20,38,0
18,3,151386,11,9,3,7,3,2,1,0,0,40,22,0
25,3,165315,11,9,0,11,4,4,0,0,0,37,38,0
34,3,140092,11,9,4,12,1,4,1,0,0,40,38,0
28,3,129460,0,6,6,0,4,4,0,0,2238,35,38,0
27,3,428030,9,13,4,2,1,4,1,0,0,50,38,0
60,5,52900,11,9,2,2,0,4,1,0,0,42,38,1
39,3,203070,8,11,2,5,0,4,1,0,0,49,38,0
39,3,165106,9,13,3,2,1,4,1,0,1564,50,-1,1
46,3,79874,9,13,2,3,0,4,1,0,0,53,38,1
52,0,279337,11,9,2,0,0,4,1,0,0,40,38,0
34,5,177639,7,12,4,2,1,4,1,0,0,40,38,0
22,3,64292,11,9,4,12,1,4,0,0,0,40,38,0
28,3,176972,9,13,2,2,0,4,1,0,0,45,38,1
19,3,263338,11,9,4,5,3,4,1,0,0,20,38,0
27,3,248402,9,13,4,12,4,2,0,0,0,40,38,0
37,3,194630,11,9,0,2,1,4,1,0,0,50,38,0
34,3,90614,7,12,2,12,0,4,1,0,2042,10,38,0
45,1,162187,11,9,2,10,0,4,1,0,0,40,38,1
58,4,182062,10,16,2,9,0,4,1,0,0,24,38,1
30,3,228406,11,9,5,0,4,2,0,0,0,40,38,0
53,6,231472,10,16,2,9,0,4,1,0,0,40,38,1
53,3,270546,11,9,0,8,1,4,0,0,0,20,38,0
59,3,340591,0,6,2,5,0,4,1,3942,0,40,38,0
20,3,200153,11,9,4,7,3,4,0,0,0,38,38,0
33,3,205152,8,11,4,3,1,4,1,0,0,55,38,1
18,3,210932,11,9,4,0,3,4,0,0,0,40,38,0
37,5,282461,15,10,2,3,0,4,1,0,0,60,38,0
58,3,33725,12,14,0,9,1,4,1,0,0,20,38,0
34,3,176992,15,10,2,6,0,4,1,0,0,40,38,0
35,3,193026,9,13,2,11,0,4,1,0,0,45,38,1
70,3,195739,0,6,6,2,4,4,1,0,0,45,38,0
24,3,163053,9,13,4,11,1,4,0,0,0,40,38,0
45,3,170099,15,10,0,2,1,4,1,0,0,40,38,0
34,3,212163,15,10,2,11,0,4,1,0,0,25,38,0
48,3,185143,12,14,2,3,0,4,1,0,0,40,38,0
49,3,169180,5,4,2,6,5,4,0,0,0,40,16,0
38,0,261241,15,10,2,0,0,4,1,0,0,45,38,1
51,3,138514,8,11,0,12,4,2,0,0,0,48,38,0
18,3,218889,6,5,4,7,3,2,1,0,0,35,38,0
45,3,194772,15,10,2,13,0,4,1,0,0,55,38,0
20,3,228649,11,9,4,7,3,4,1,0,0,40,38,0
43,6,33331,14,15,2,9,0,4,1,0,1977,70,38,1
31,5,349148,15,10,2,6,0,4,1,0,0,48,38,0
45,5,149640,14,15,4,9,1,4,1,0,0,30,38,1
22,3,459463,2,8,3,7,4,2,0,0,0,50,38,0
26,3,276309,15,10,4,5,3,2,0,0,0,20,38,0
52,3,84278,15,10,2,3,0,4,1,7688,0,55,-1,1
61,3,178312,7,12,2,3,0,4,1,0,0,42,38,0
23,3,57898,15,10,4,4,1,4,1,0,0,30,38,0
36,1,247807,8,11,4,10,1,4,1,0,0,40,38,1
34,1,183801,9,13,4,7,1,4,1,0,0,14,38,0
57,3,426263,12,14,0,3,4,4,1,0,0,40,38,1
20,3,194630,11,9,2,0,0,4,1,3781,0,50,38,0
46,3,423222,9,13,2,3,0,4,1,7688,0,40,38,1
58,5,35723,11,9,2,2,0,4,1,0,0,60,38,0
25,3,44861,11,9,4,7,1,4,1,0,0,40,38,0
26,3,109570,15,10,5,11,4,4,0,0,0,35,38,0
42,3,284758,11,9,0,3,4,4,0,0,0,40,38,0
50,1,92486,15,10,2,2,0,4,1,0,0,40,38,0
47,3,200471,8,11,2,0,0,4,1,4064,0,40,38,0
44,3,159297,11,9,2,3,5,1,0,0,0,40,-1,1
54,1,375134,8,11,0,2,1,4,1,0,0,40,38,0
36,-1,28160,11,9,0,-1,1,4,0,0,0,40,38,0
48,3,180446,0,6,2,6,0,2,1,0,0,40,38,0
49,3,105431,11,9,0,7,1,2,0,0,0,40,38,0
33,3,121966,11,9,0,0,1,4,0,0,0,40,38,0
40,-1,224361,6,5,0,-1,4,4,0,0,0,5,4,0
38,3,256864,11,9,2,12,0,4,1,0,0,50,38,1
63,3,71800,5,4,6,7,1,4,0,0,0,41,38,0
25,3,316688,11,9,4,6,1,2,1,0,0,40,38,0
49,3,23776,15,10,2,0,0,4,1,0,0,40,38,0
37,5,29054,8,11,4,4,3,4,1,0,0,84,38,0
24,4,60668,11,9,4,2,3,4,1,0,0,40,38,0
45,3,265083,4,3,0,8,4,4,0,0,0,35,25,0
67,-1,45537,12,14,2,-1,0,2,1,0,0,40,38,1
29,3,273051,9,13,2,3,0,4,1,0,0,52,40,1
31,3,73514,11,9,4,11,3,1,0,0,0,40,38,0
56,4,119891,15,10,2,3,0,4,1,0,1672,40,38,0
19,3,560804,15,10,4,0,3,4,0,0,0,30,38,0
32,3,131584,11,9,2,11,0,4,1,7298,0,40,38,1
32,1,199539,15,10,2,10,0,4,1,0,0,40,38,1
60,5,137733,9,13,2,4,0,4,1,0,0,50,38,0
49,5,377622,7,12,0,11,1,4,1,0,0,50,38,0
49,3,43348,12,14,4,9,1,4,1,0,0,40,38,1
52,3,363405,11,9,5,0,2,4,0,0,0,40,38,0
37,3,329980,12,14,2,3,0,4,1,0,2415,60,38,1
44,5,158555,15,10,2,3,0,4,1,0,0,50,38,1
27,3,89598,15,10,4,0,4,4,0,0,0,60,38,0
62,3,97017,15,10,2,2,0,4,1,0,0,45,38,0
22,3,268145,9,13,4,11,1,4,0,0,0,40,38,0
36,3,91275,15,10,4,0,4,1,0,0,0,40,38,0
51,1,201560,9,13,2,9,5,4,0,0,0,40,38,1
37,3,148015,9,13,2,9,5,2,0,15024,0,40,38,1
25,3,124111,15,10,4,0,3,4,0,0,0,40,38,0
26,3,285004,9,13,4,3,1,1,1,0,0,35,34,0
53,3,123703,11,9,0,13,1,4,1,0,0,40,38,0
28,5,237466,15,10,2,0,5,4,0,0,0,30,38,1
25,3,282063,5,4,2,5,0,4,1,0,0,40,25,0
53,1,233734,12,14,0,9,1,2,0,0,0,40,38,1
30,3,122042,12,14,2,3,0,4,1,0,0,45,38,1
61,3,170262,11,9,2,3,5,4,0,15024,0,38,38,1
34,3,223267,11,9,4,3,2,4,1,0,0,50,38,0
55,6,337599,15,10,0,0,1,4,1,0,0,40,38,0
45,0,106910,11,9,4,13,4,1,0,0,0,40,38,0
46,1,165484,7,12,2,3,0,4,1,0,0,44,38,1
26,3,66638,9,13,4,3,1,4,0,0,0,50,38,0
37,3,230408,11,9,0,7,1,2,0,0,0,20,38,0
18,3,115630,1,7,4,0,3,2,1,0,0,20,38,0
39,3,99357,12,14,0,9,3,4,0,1506,0,40,38,0
31,3,99928,12,14,2,9,5,4,0,0,0,50,38,0
42,3,178074,11,9,0,0,1,4,0,0,0,40,38,0
25,3,201579,6,5,4,2,1,4,1,0,0,40,25,0
17,3,169658,0,6,4,7,3,4,0,0,0,21,38,0
42,3,56483,7,12,0,0,4,4,0,0,0,40,38,0
78,4,385242,9,13,2,3,0,4,1,9386,0,45,38,1
23,3,352606,11,9,0,8,4,4,0,0,0,40,38,0
49,6,423222,12,14,2,11,0,4,1,99999,0,80,38,1
35,3,197365,11,9,2,4,0,4,1,0,0,40,38,0
34,1,254270,9,13,4,9,1,4,0,0,0,40,38,0
29,3,116613,9,13,4,0,3,4,0,0,0,40,31,0
46,3,279196,9,13,4,2,1,4,0,0,0,40,38,0
30,3,187560,9,13,4,11,1,4,1,0,0,40,38,0
22,3,201490,11,9,4,0,3,4,1,0,0,20,38,0
21,3,182606,15,10,4,7,3,2,1,0,0,40,-1,0
32,3,134886,11,9,2,0,5,4,0,0,0,40,38,1
35,6,119421,9,13,2,3,5,4,0,0,0,35,38,1
64,3,258006,15,10,6,0,1,4,0,0,0,40,4,0
26,3,137658,15,10,4,0,1,4,0,0,0,45,38,0
66,1,75134,11,9,6,0,4,4,0,0,0,25,38,0
33,3,53042,2,8,4,2,3,2,1,0,0,40,38,0
54,4,99185,10,16,2,9,0,4,1,0,0,50,-1,1
18,3,141918,11,9,4,5,3,4,1,0,0,22,38,0
34,3,269723,11,9,0,3,4,4,0,2977,0,50,38,0
49,3,50748,9,13,6,9,4,4,0,1506,0,35,38,0
41,6,106900,12,14,2,9,0,4,1,7298,0,60,38,1
50,3,166565,11,9,2,6,0,4,1,0,0,50,38,0
31,3,229636,15,10,2,2,0,4,1,0,0,45,25,0
40,5,162312,11,9,2,2,0,1,1,0,0,66,34,0
56,1,370045,9,13,2,9,0,4,1,0,0,40,38,1
19,3,238474,15,10,4,11,3,4,1,0,0,25,38,0
37,3,60722,15,10,0,3,1,1,0,0,0,40,23,1
22,0,216129,11,9,4,0,2,4,1,0,0,40,38,0
28,3,106951,11,9,4,5,1,4,1,0,0,42,38,0
38,5,233571,11,9,5,7,4,4,0,0,0,40,38,0
37,3,215476,11,9,4,5,4,2,0,0,0,30,38,0
30,3,225053,11,9,2,3,0,4,1,0,0,50,38,0
53,3,277471,8,11,2,12,0,4,1,0,0,40,38,1
36,3,91037,11,9,2,0,5,4,0,0,0,40,38,1
32,4,343872,15,10,2,13,0,2,1,0,0,35,13,0
50,3,36480,11,9,2,3,0,4,1,0,0,40,38,0
40,5,99651,15,10,2,9,0,4,1,0,0,60,38,0
37,1,218184,9,13,2,9,0,4,1,0,1887,40,38,1
47,3,120131,11,9,2,3,0,4,1,0,0,40,38,0
21,3,370990,15,10,4,11,3,4,1,0,0,40,38,0
24,3,202959,8,11,4,0,1,4,0,0,0,40,38,0
18,-1,256179,15,10,4,-1,3,4,1,594,0,10,38,0
27,3,217200,15,10,4,9,1,4,1,0,0,40,38,0
42,3,196797,11,9,4,13,4,2,0,0,0,38,38,0
19,3,87653,15,10,4,7,3,4,0,0,0,25,38,0
35,6,35626,15,10,0,0,4,4,0,0,0,15,38,0
27,3,298871,9,13,4,7,1,1,1,0,0,40,29,0
36,3,115700,11,9,2,11,0,4,1,0,0,50,38,0
36,3,343476,11,9,0,2,1,4,1,0,0,30,38,0
30,3,190385,9,13,2,7,5,4,0,0,0,40,38,1
35,3,475324,9,13,2,3,0,4,1,0,0,45,38,0
55,3,156797,15,10,0,6,1,4,0,0,0,40,38,0
26,3,71009,9,13,4,9,1,1,0,0,0,40,29,0
20,-1,183083,15,10,4,-1,3,4,0,0,0,20,38,0
45,3,46406,12,14,2,9,0,4,1,0,0,36,8,1
28,3,193158,11,9,0,11,3,4,0,0,0,40,38,0
20,3,266467,11,9,4,7,3,4,1,0,0,25,38,0
26,3,51961,2,8,4,11,2,2,1,0,0,51,38,0
59,3,109015,11,9,0,12,4,4,0,0,0,40,38,0
31,3,33124,14,15,4,9,1,4,0,0,0,99,38,0
27,3,109004,11,9,5,2,4,2,1,0,0,40,38,0
30,3,114912,9,13,2,3,0,4,1,3103,0,60,38,1
35,3,166606,11,9,2,12,0,4,1,0,0,40,38,0
30,3,95299,11,9,2,6,0,1,1,0,0,40,39,1
42,3,212894,8,11,2,0,0,4,1,2407,0,40,38,0
35,3,410034,15,10,0,11,1,4,1,0,0,50,38,0
27,3,321577,11,9,4,6,3,2,0,0,0,40,38,0
42,3,118686,15,10,0,9,4,4,0,0,0,20,38,0
52,0,168539,11,9,2,6,0,4,1,0,0,40,38,1
37,1,397877,9,13,2,0,0,4,1,0,0,40,38,1
30,3,169583,9,13,1,3,5,4,0,0,0,40,38,1
35,3,187119,15,10,0,3,1,4,0,0,0,70,38,0
28,-1,268222,1,7,4,-1,1,2,0,0,0,40,38,0
45,6,199326,12,14,2,9,0,4,1,0,0,45,38,1
29,3,78261,14,15,4,9,3,4,1,0,0,50,38,0
61,3,159822,5,4,2,2,0,4,1,7688,0,40,30,1
43,3,212847,15,10,0,6,1,4,1,0,0,40,38,0
45,4,160440,11,9,0,3,1,4,1,0,0,42,38,0
30,3,280069,15,10,4,11,1,4,0,0,0,48,38,0
36,5,408427,14,15,2,9,0,4,1,0,0,60,38,1
34,3,152453,2,8,2,2,0,4,1,0,0,40,12,0
52,1,30118,15,10,2,10,0,4,1,3137,0,42,38,0
31,3,262024,11,9,2,6,0,2,1,0,0,40,38,0
22,3,174043,11,9,4,2,1,4,1,0,0,50,38,0
47,3,209460,15,10,2,2,0,4,1,0,1485,47,38,0
23,3,136824,15,10,4,7,3,4,1,0,0,20,38,0
32,3,205019,7,12,4,11,1,2,1,0,0,50,38,0
28,3,207513,9,13,2,11,0,4,1,7298,0,42,38,1
36,3,34744,7,12,0,7,4,4,0,0,0,37,38,0
54,5,58898,15,10,2,2,0,4,1,0,1579,48,38,0
58,3,197642,15,10,4,0,1,4,0,0,0,39,38,0
39,3,48915,11,9,2,6,0,4,1,0,0,40,38,1
39,3,172855,11,9,0,0,4,2,0,0,0,40,38,0
52,3,256861,9,13,2,3,0,4,1,0,0,50,38,0
61,3,298400,9,13,0,11,1,2,1,4787,0,48,38,1
57,3,182028,7,12,6,0,1,4,0,0,0,35,38,0
30,3,156718,11,9,4,12,1,4,0,0,0,40,38,0
22,6,124942,15,10,4,7,3,4,1,0,0,45,38,0
54,3,511668,10,16,2,3,0,4,1,0,1977,43,38,1
44,0,68729,9,13,2,3,0,1,1,0,0,40,38,1
43,6,129298,12,14,2,3,0,4,1,0,0,40,38,1
22,3,147655,15,10,4,0,3,4,0,0,0,40,38,0
58,3,142326,9,13,0,9,1,4,0,0,0,50,38,0
21,3,182823,9,13,4,11,3,4,1,0,0,30,38,0
44,5,171424,15,10,0,6,1,4,1,0,2205,35,38,0
70,4,131699,9,13,0,3,4,4,0,0,0,55,38,0
20,-1,238685,1,7,0,-1,1,4,0,0,0,40,38,0
20,-1,298155,15,10,4,-1,3,2,0,0,0,40,38,0
34,3,349169,12,14,2,2,0,4,1,0,0,40,25,0
69,6,34339,11,9,2,10,0,4,1,0,0,40,38,0
42,3,154374,9,13,2,3,0,4,1,0,2415,60,38,1
24,3,306779,15,10,4,11,1,4,1,0,0,65,38,0
59,3,98361,1,7,2,6,0,4,1,0,0,40,38,0
37,5,286146,11,9,3,7,4,2,0,0,0,40,38,0
45,3,289468,1,7,6,7,4,4,0,0,0,40,38,0
44,0,218062,15,10,0,0,4,2,0,0,0,40,38,0
29,3,157308,1,7,2,5,5,1,0,2829,0,14,29,0
49,5,130206,11,9,0,7,1,4,0,0,0,40,38,0
46,3,126513,11,9,5,2,4,2,0,0,0,40,-1,0
28,3,92262,9,13,2,11,0,4,1,0,0,40,38,0
42,3,106679,11,9,2,2,0,4,1,0,0,50,38,1
49,4,289707,11,9,5,7,1,4,1,0,0,45,38,0
43,4,62026,14,15,2,3,0,4,1,99999,0,40,38,1
71,3,180733,12,14,4,7,1,4,0,0,0,20,38,0
32,3,459007,11,9,2,10,0,4,1,0,0,90,38,0
38,3,203836,15,10,2,11,0,4,1,0,0,50,38,1
28,3,38918,15,10,2,2,0,4,1,0,0,50,10,1
62,-1,182687,15,10,2,-1,5,4,0,0,0,45,38,1
46,3,99385,9,13,5,3,4,4,0,0,0,40,38,0
37,3,80410,1,7,2,7,0,4,1,0,0,40,38,0
36,5,347491,10,16,2,9,0,4,1,0,0,35,38,0
53,-1,133963,11,9,0,-1,1,4,0,0,0,40,38,0
33,3,220939,11,9,2,11,0,4,1,7298,0,45,38,1
24,3,140001,15,10,4,5,2,4,1,0,0,40,21,0
38,3,149347,15,10,0,11,1,4,1,0,0,60,38,0
27,3,161087,11,9,2,9,5,2,0,0,0,40,38,0
56,3,231232,9,13,2,0,0,4,1,0,0,30,1,0
54,3,291755,9,13,2,3,0,4,1,0,0,45,38,1
51,1,134808,11,9,6,7,4,4,0,0,0,40,38,0
22,3,218886,2,8,4,5,3,0,1,0,0,40,38,0
71,5,172046,5,4,2,4,0,4,1,0,0,50,38,0
55,3,194290,11,9,0,2,1,4,1,0,0,40,38,0
56,3,157639,15,10,2,2,0,4,1,0,0,50,38,0
44,3,150076,11,9,4,7,1,4,1,0,0,30,38,0
32,3,351869,15,10,2,13,0,4,1,0,1485,45,38,1
30,0,266463,11,9,2,0,0,4,1,0,0,40,38,1
30,3,193298,11,9,2,13,0,4,1,0,0,45,38,0
18,3,404868,1,7,4,11,3,2,0,0,1602,20,38,0
38,3,277022,15,10,0,0,4,4,0,0,0,40,3,0
22,3,290504,11,9,4,7,2,4,1,0,0,40,38,0
39,3,42044,1,7,2,13,0,4,1,0,0,40,38,0
24,-1,119156,9,13,4,-1,3,4,1,0,0,40,38,0
35,3,89508,11,9,2,13,0,4,1,0,0,50,38,1
24,-1,256240,5,4,2,-1,3,4,1,0,0,60,38,0
22,3,203894,15,10,4,11,3,4,0,0,0,15,38,0
46,5,95256,11,9,0,13,1,4,1,0,0,50,38,0
53,3,213378,11,9,5,11,1,4,0,0,0,33,38,0
25,3,81286,11,9,2,2,0,4,1,0,0,45,38,0
18,3,212370,11,9,2,2,0,4,1,0,0,25,38,0
30,3,101283,15,10,4,7,1,4,0,0,0,40,38,0
45,3,240841,12,14,4,9,1,4,0,0,0,40,38,0
27,3,176972,8,11,4,2,1,4,1,0,0,40,38,0
40,3,45687,15,10,0,7,1,2,1,4787,0,50,38,1
29,3,210498,11,9,2,2,0,4,1,0,0,40,38,0
33,3,254221,10,16,4,9,1,4,0,0,0,60,38,1
36,3,346478,9,13,2,11,0,4,1,0,2415,45,38,1
23,3,189461,11,9,4,11,2,4,1,0,0,55,38,0
61,3,105384,9,13,2,9,0,4,1,0,0,40,38,0
39,3,509060,15,10,0,7,1,4,1,0,0,40,38,0
50,3,158294,8,11,2,12,0,4,1,3103,0,40,38,1
22,3,228411,15,10,4,3,1,4,1,0,0,35,38,0
37,1,160910,9,13,2,0,0,4,1,7298,0,40,38,1
31,3,345277,9,13,0,9,1,4,0,0,0,40,38,0
17,3,216086,1,7,4,7,3,4,0,0,0,30,38,0
25,3,458549,3,2,2,4,0,4,1,0,0,96,25,0
63,0,154675,11,9,6,3,1,4,0,0,0,40,38,0
33,3,159888,1,7,2,2,0,4,1,0,0,40,38,0
52,3,302847,1,7,2,6,0,4,1,0,0,40,38,0
37,3,40955,14,15,2,9,0,4,1,0,0,50,38,1
38,3,171344,1,7,3,13,3,4,1,0,0,36,25,0
24,6,289909,15,10,2,9,0,4,1,0,0,40,38,0
29,3,263855,2,8,4,2,4,4,1,0,0,40,38,0
38,4,478829,14,15,2,9,0,4,1,99999,0,50,38,1
17,3,147339,0,6,4,9,3,3,0,0,0,15,38,0
41,3,178002,11,9,2,0,5,4,0,0,0,40,38,1
47,5,26145,8,11,2,11,0,4,1,0,0,40,38,1
30,5,45796,15,10,2,6,0,4,1,0,0,40,38,0
35,3,230054,5,4,2,6,0,4,1,0,0,40,25,0
48,3,119199,9,13,0,11,4,4,0,0,0,44,38,0
26,3,324854,9,13,4,9,1,4,0,0,0,40,38,1
32,3,108023,12,14,4,0,1,4,1,0,0,40,38,0
30,3,151773,15,10,2,6,0,4,1,0,0,40,38,1
34,0,67083,9,13,4,3,4,1,1,1471,0,40,0,0
30,3,288566,9,13,4,7,1,4,1,0,0,40,38,0
20,3,241752,11,9,2,6,0,4,1,0,0,40,38,0
81,5,193237,3,2,6,11,2,4,1,0,0,45,25,0
21,3,232591,11,9,4,0,3,4,1,0,0,40,38,0
48,3,36177,11,9,2,2,0,4,1,0,0,45,38,0
33,3,219838,0,6,2,4,0,4,1,0,0,40,38,0
34,3,136862,3,2,4,7,2,4,0,0,0,40,12,0
17,3,309504,0,6,4,11,4,4,0,0,0,24,38,0
45,3,294671,8,11,2,2,0,4,1,4386,0,38,38,1
28,1,138332,10,16,0,9,1,4,0,0,0,40,38,0
59,3,291529,0,6,6,6,1,4,1,0,0,52,38,0
33,3,129529,11,9,0,6,1,4,1,0,0,40,38,0
25,3,190418,15,10,4,7,3,4,1,0,0,30,1,0
18,3,54440,15,10,4,7,3,4,1,0,0,30,38,0
23,-1,27415,1,7,4,-1,3,0,1,0,0,40,38,0
21,3,177125,15,10,4,5,1,4,1,0,0,20,38,0
61,1,167670,9,13,3,9,1,4,1,0,0,40,38,0
25,3,214413,12,14,4,0,3,4,1,0,0,40,38,0
44,1,145246,12,14,2,9,0,4,1,0,0,44,38,1
27,3,189462,12,14,4,0,1,4,0,0,0,46,38,0
55,3,276229,11,9,6,11,1,4,0,0,0,38,38,0
34,3,30497,9,13,2,3,0,4,1,15024,0,60,38,1
44,3,63042,9,13,0,3,3,4,0,0,0,50,38,1
22,3,335453,11,9,4,0,1,4,0,0,0,60,38,0
45,3,242994,15,10,4,11,1,4,1,0,0,52,38,0
31,3,194901,11,9,2,11,0,4,1,0,0,50,38,1
59,3,179594,11,9,2,11,0,4,1,0,0,40,38,0
46,3,188861,15,10,2,13,0,4,1,0,0,40,38,0
30,3,100734,9,13,2,9,5,4,0,0,0,38,38,0
28,3,405793,7,12,2,12,0,4,1,0,0,45,38,1
43,3,143368,11,9,0,4,1,2,1,0,0,40,38,0
40,3,170730,11,9,2,2,0,4,1,0,0,50,38,0
30,4,443546,8,11,2,11,0,4,1,0,0,35,38,0
46,5,254291,15,10,2,11,0,4,1,0,0,60,38,1
56,3,158752,12,14,2,3,5,4,0,0,0,50,38,0
38,0,122493,9,13,2,9,0,4,1,4064,0,40,38,0
67,-1,159542,4,3,6,-1,4,2,0,0,0,40,38,0
45,3,129371,6,5,5,7,4,3,0,0,0,40,37,0
17,-1,210547,0,6,4,-1,3,4,1,0,0,40,38,0
50,3,305147,9,13,2,2,0,4,1,0,0,40,38,0
46,3,134727,1,7,0,6,4,0,1,0,0,43,10,0
38,3,296478,8,11,2,2,0,4,1,7298,0,40,38,1
44,3,103459,11,9,2,11,5,4,0,0,0,40,38,1
54,3,257869,15,10,5,7,1,4,1,0,0,28,3,0
44,3,193755,9,13,0,3,1,4,1,0,0,50,38,1
43,4,260960,9,13,0,4,1,4,1,0,0,35,38,0
43,5,56920,11,9,2,2,0,4,1,0,0,60,38,0
31,3,168521,9,13,4,3,4,4,0,0,0,50,38,0
52,3,110563,15,10,2,3,0,4,1,0,0,40,38,1
25,3,352806,11,9,0,7,1,4,0,0,0,40,25,0
30,3,174201,15,10,4,2,3,4,1,0,0,40,38,0
49,3,173115,0,6,5,3,1,2,1,4416,0,99,38,0
39,3,191807,11,9,4,6,4,4,1,0,0,48,38,0
29,6,382272,9,13,4,2,1,4,1,0,0,40,38,0
31,3,151484,11,9,4,0,3,4,0,0,0,8,38,0
33,3,339482,11,9,2,2,0,4,1,0,0,40,38,0
30,3,149118,11,9,0,2,1,4,0,0,0,40,38,0
42,3,156526,15,10,4,12,1,4,1,0,0,33,38,0
49,3,142287,15,10,2,0,0,4,1,0,1902,50,38,1
23,3,83891,11,9,4,11,3,1,1,0,0,40,38,0
37,3,193815,7,12,2,9,0,4,1,0,0,45,38,1
61,3,93997,5,4,2,6,0,4,1,0,0,40,21,0
19,1,243960,15,10,4,11,3,4,0,0,0,16,38,0
31,3,36069,11,9,4,2,1,4,1,0,0,35,38,0
27,3,150958,4,3,4,4,4,4,1,0,0,48,12,0
29,3,256671,11,9,2,0,5,4,0,0,0,40,38,0
30,3,83253,11,9,2,9,0,4,1,0,0,55,38,0
55,3,199067,9,13,2,3,0,4,1,15024,0,42,38,1
48,3,102938,9,13,4,7,4,1,0,0,0,40,39,0
37,3,302604,15,10,5,7,2,4,0,0,0,40,38,0
52,0,617021,9,13,2,12,0,2,1,7688,0,40,38,1
18,-1,25837,1,7,4,-1,3,4,1,0,0,72,38,0
30,3,55291,9,13,2,9,0,4,1,0,0,40,38,1
48,-1,174533,1,7,5,-1,4,4,1,0,0,40,38,0
72,-1,75890,15,10,6,-1,4,1,0,0,0,4,38,0
26,3,284250,11,9,4,2,4,2,0,0,0,40,38,0
64,-1,104756,15,10,6,-1,4,4,0,0,0,8,38,0
40,3,214242,11,9,2,6,0,4,1,0,0,50,38,0
20,3,337639,15,10,4,11,3,4,1,0,0,40,38,0
34,3,30673,12,14,2,9,0,4,1,0,0,55,38,0
25,3,218136,15,10,4,5,1,2,1,0,0,40,27,0
21,3,314165,15,10,4,11,3,4,1,0,0,40,3,0
21,3,177711,11,9,4,13,3,2,1,0,0,40,38,0
17,3,242773,1,7,4,7,3,4,0,0,0,20,38,0
50,1,254148,15,10,2,4,0,4,1,0,0,40,25,0
31,3,168387,9,13,2,9,0,4,1,7688,0,40,1,1
28,3,394927,15,10,2,12,0,4,1,0,0,40,38,1
27,3,213421,14,15,4,9,1,4,1,0,0,50,38,0
38,3,126675,11,9,0,2,1,4,1,0,2205,40,38,0
40,3,248094,11,9,2,13,0,4,1,0,0,40,38,0
23,3,189924,15,10,4,7,3,4,0,0,0,40,38,0
74,-1,89667,9,13,6,-1,1,3,0,0,0,35,38,0
37,3,201531,11,9,2,4,0,4,1,0,0,40,38,0
56,3,245215,10,16,2,9,0,4,1,0,0,50,38,0
27,3,174419,9,13,4,9,1,4,0,0,0,40,38,0
43,3,313181,11,9,0,0,2,2,1,0,0,38,38,0
32,3,205152,9,13,4,2,3,4,1,0,0,40,38,0
50,5,391016,9,13,0,3,1,4,1,0,0,30,38,0
25,3,326370,15,10,4,0,1,4,1,0,0,38,-1,0
65,3,153522,11,9,6,7,4,4,0,0,0,17,38,0
68,3,124686,5,4,6,6,1,4,0,0,0,10,38,0
34,3,169564,11,9,0,6,4,4,0,0,0,40,38,0
43,3,242488,15,10,2,0,0,4,1,5013,0,40,38,0
39,3,150057,12,14,4,11,1,4,1,0,0,50,38,1
32,3,51150,8,11,0,0,4,4,0,0,0,40,38,0
28,0,281860,9,13,4,9,1,4,0,0,0,40,38,0
48,3,155664,11,9,2,2,0,4,1,7688,0,70,38,1
21,3,27049,15,10,4,0,3,4,0,0,0,12,38,0
34,3,114639,15,10,4,5,2,4,1,0,0,20,38,0
69,3,140176,11,9,2,11,0,4,1,0,0,24,38,0
44,1,101950,14,15,5,9,4,4,0,0,0,40,38,0
38,3,34996,15,10,5,7,4,4,0,0,0,40,38,0
21,3,73679,15,10,4,3,3,4,0,0,0,40,38,0
41,3,58880,9,13,2,9,5,4,0,7688,0,10,38,1
33,3,122672,11,9,2,4,0,4,1,0,0,50,38,0
28,3,133696,9,13,4,11,4,4,1,0,0,65,38,0
50,3,138022,15,10,2,9,0,4,1,0,0,40,38,0
35,3,33397,11,9,0,7,1,4,0,0,0,35,38,0
38,3,183279,15,10,2,2,0,4,1,0,0,43,38,0
32,3,144064,9,13,4,12,1,4,1,0,0,40,38,0
34,3,167497,15,10,2,3,5,4,0,7688,0,50,38,1
49,3,251180,5,4,2,13,0,4,1,2407,0,50,38,0
56,1,212864,11,9,2,13,0,4,1,0,0,40,38,1
38,3,60313,11,9,4,2,1,4,1,0,0,40,38,0
35,3,29874,15,10,2,5,0,4,1,0,0,40,38,0
32,3,26803,15,10,2,6,0,4,1,0,0,84,38,1
61,3,192237,0,6,0,11,4,4,0,0,0,40,38,0
21,3,275190,15,10,4,11,3,4,0,0,0,20,38,0
19,3,164320,11,9,4,13,3,4,1,0,0,40,38,0
47,3,34248,11,9,2,0,0,4,1,0,0,38,38,0
38,5,190387,11,9,2,2,0,4,1,0,0,50,38,0
47,3,265275,15,10,4,7,3,4,1,0,0,40,38,0
26,3,132572,9,13,4,0,3,2,0,0,0,40,38,0
19,3,157605,11,9,0,7,1,4,0,0,0,40,38,0
79,3,121318,15,10,2,0,0,4,1,0,0,20,38,0
28,3,411587,15,10,4,10,3,4,1,0,0,40,15,0
19,-1,61855,11,9,4,-1,2,4,0,0,0,30,38,0
41,3,174395,12,14,2,9,0,4,1,0,0,40,38,1
22,3,201799,11,9,4,11,3,4,0,0,0,40,38,0
46,3,142719,11,9,3,4,1,4,1,0,0,65,38,0
67,7,137192,11,9,2,0,0,1,1,0,0,12,29,0
58,3,97562,11,9,2,11,5,4,0,0,0,38,38,0
45,3,187581,15,10,2,2,0,4,1,0,0,40,38,1
28,3,51672,11,9,4,2,1,4,1,0,0,35,38,0
30,5,278522,1,7,4,4,3,2,1,0,0,40,38,0
40,3,176602,11,9,0,7,1,2,1,0,0,40,38,0
41,-1,230020,4,3,2,-1,0,3,1,0,0,40,38,0
47,5,158451,15,10,0,7,1,4,0,0,0,45,38,0
69,-1,168794,5,4,2,-1,0,4,1,0,0,48,38,0
23,5,282604,1,7,2,13,0,4,1,7688,0,60,38,1
33,6,374905,0,6,2,7,0,4,1,0,0,40,38,0
52,5,194995,9,13,2,11,0,4,1,15024,0,55,38,1
49,6,154493,11,9,0,3,4,4,0,0,0,44,38,0
51,3,79324,15,10,2,11,0,4,1,0,0,40,38,0
25,-1,230856,11,9,4,-1,4,2,0,0,0,40,38,0
55,3,41108,15,10,6,4,1,4,1,0,2258,62,38,1
39,3,63021,15,10,0,7,1,4,0,0,0,20,38,0
40,4,57233,11,9,2,3,0,4,1,0,0,60,38,1
23,3,177787,9,13,4,11,3,4,0,0,0,30,8,0
29,-1,188675,15,10,0,-1,3,2,1,0,0,40,38,0
31,3,157886,15,10,2,7,5,4,0,0,0,40,38,0
22,3,221745,15,10,0,6,3,4,0,0,0,40,38,0
19,6,354104,15,10,4,9,3,4,1,0,0,10,38,0
21,-1,207782,15,10,4,-1,3,4,1,0,0,30,38,0
29,3,240738,11,9,2,9,0,4,1,0,0,40,38,1
45,3,32896,4,3,4,6,3,4,0,0,0,35,38,0
37,3,175643,11,9,2,4,0,4,1,0,0,30,38,0
37,3,108913,11,9,4,7,1,4,1,0,0,40,38,0
43,4,117158,9,13,2,11,0,4,1,15024,0,60,38,1
22,3,315524,15,10,4,0,3,2,1,0,0,30,5,0
20,3,234663,11,9,4,5,3,4,1,0,0,30,38,0
51,3,186303,9,13,2,11,0,4,1,0,0,40,38,1
23,3,394612,9,13,4,12,3,2,1,0,0,40,38,0
17,3,178953,2,8,4,11,3,4,0,0,0,20,38,0
31,6,60186,9,13,0,9,1,4,1,0,0,40,38,0
28,5,175406,12,14,2,3,5,4,0,0,0,30,38,1
29,1,205262,15,10,4,0,1,3,1,0,0,40,6,0
24,3,281356,3,2,4,4,1,3,1,0,0,66,25,0
31,1,50649,12,14,4,9,1,4,0,0,0,50,38,0
34,6,98101,9,13,2,3,0,4,1,7688,0,45,-1,1
37,3,105803,11,9,2,2,0,4,1,3103,0,45,38,1
55,1,173296,12,14,0,9,4,4,0,0,0,45,38,0
22,3,464103,3,2,4,2,1,4,1,0,0,40,12,0
47,4,207540,5,4,2,2,0,4,1,0,0,40,-1,0
50,3,22211,12,14,2,9,0,4,1,7688,0,50,38,1
27,6,205499,10,16,4,9,1,4,1,0,0,77,38,0
26,3,143068,15,10,2,3,0,4,1,2407,0,50,38,0
32,3,195602,9,13,2,11,0,4,1,0,1977,45,38,1
38,-1,129150,0,6,5,-1,3,4,1,0,0,35,38,0
36,5,67728,9,13,2,11,0,4,1,0,0,50,38,1
37,3,239171,11,9,2,2,0,4,1,0,0,40,38,1
35,3,225750,9,13,0,9,4,4,0,0,0,32,38,0
19,3,414871,11,9,4,2,3,4,1,0,0,40,38,0
41,3,277488,5,4,2,4,0,4,1,0,0,36,38,0
45,3,44489,11,9,2,13,0,4,1,0,0,45,38,0
58,5,154537,9,13,0,7,1,4,0,0,0,20,38,0
63,3,158609,8,11,6,0,4,4,0,0,0,8,38,0
31,3,196791,14,15,0,9,1,4,0,0,0,45,38,1
65,4,157403,11,9,2,11,0,4,1,0,0,50,38,0
